Server_Location,CPU_Utilization (%),Memory_Usage (%),availability_pct,performance_score
"Berlin, Germany",54.36025641025641,60.572307692307696,86.12606837606837,43.322051282051284
"London, UK",62.509534883720924,65.32651162790698,86.56782945736434,40.05504651162791
"New York, USA",56.96625,66.27925,84.31145833333333,40.077475
"Sydney, Australia",51.55222222222222,50.6725,86.23842592592592,48.402277777777776
"Tokyo, Japan",59.959047619047624,56.70880952380952,86.15277777777777,41.40195238095238
